language,kind,key,title_ru,title_en,description_ru,description_en
hill_mari,language,hill_mari,Горномарийский язык,Hill Mari,,
hill_mari,group,Agreement,Согласование,Agreement,,
hill_mari,tag,1PL,"первое лицо, множественное число","first person, plural","Помета обозначает: первое лицо, множественное число.","The tag marks: first person, plural."
hill_mari,tag,1PL.ADD,"первое лицо, множественное число, аддитив","first person, plural, additive","Помета обозначает: первое лицо, множественное число, аддитив.","The tag marks: first person, plural, additive."
hill_mari,tag,1SG,"первое лицо, единственное число","first person, singular","Помета обозначает: первое лицо, единственное число.","The tag marks: first person, singular."
hill_mari,tag,2PL,"второе лицо, множественное число","second person, plural","Помета обозначает: второе лицо, множественное число.","The tag marks: second person, plural."
hill_mari,tag,2SG,"второе лицо, единственное число","second person, singular","Помета обозначает: второе лицо, единственное число.","The tag marks: second person, singular."
hill_mari,tag,3,третье лицо,third person,Помета обозначает: третье лицо.,The tag marks: third person.
hill_mari,tag,3PL,"третье лицо, множественное число","third person, plural","Помета обозначает: третье лицо, множественное число.","The tag marks: third person, plural."
hill_mari,tag,3SG,"третье лицо, единственное число","third person, singular","Помета обозначает: третье лицо, единственное число.","The tag marks: third person, singular."
hill_mari,group,Aspect,Вид,Aspect,,
hill_mari,tag,ATT,аттенуатив,attenuative,Помета обозначает: аттенуатив.,attenuative.
hill_mari,tag,DISC,дисконтинуатив,discontinuative,Помета обозначает: дисконтинуатив.,discontinuative.
hill_mari,tag,ITER1,итератив,iterative (-ə̑l),Помета обозначает: итератив.,iterative (-ə̑l).
hill_mari,tag,ITER2,итератив,ITER2 (-edə̈l),Помета обозначает: итератив.,ITER2 (-edə̈l).
hill_mari,tag,ITER3,итератив,ITER3 (-ə̑št),Помета обозначает: итератив.,ITER3 (-ə̑št).
hill_mari,tag,PUN,пунктив,punctive,Помета обозначает: пунктив.,punctive.
hill_mari,tag,SEM,семельфактив,semelfactive,Помета обозначает: семельфактив.,semelfactive.
hill_mari,group,Cases,Падежи,Cases,,
hill_mari,tag,ABL,аблатив,ablative,Помета обозначает: аблатив.,ablative.
hill_mari,tag,ACC,винительный падеж,accusative,Помета обозначает: винительный падеж.,accusative.
hill_mari,tag,CAR,каритив,caritive,Помета обозначает: каритив.,caritive.
hill_mari,tag,COM,комитатив,comitative,Помета обозначает: комитатив.,comitative.
hill_mari,tag,DAT,дательный падеж,dative,Помета обозначает: дательный падеж.,dative.
hill_mari,tag,DAT.POSS.1SG,"дательный падеж, посессивность, первое лицо, единственное число",dative first person singular possessive,"Помета обозначает: дательный падеж, посессивность, первое лицо, единственное число.",dative first person singular possessive.
hill_mari,tag,DAT.POSS.2SG,"дательный падеж, посессивность, второе лицо, единственное число",dative second person singular possessive,"Помета обозначает: дательный падеж, посессивность, второе лицо, единственное число.",dative second person singular possessive.
hill_mari,tag,EL,элатив,elative,Помета обозначает: элатив.,elative.
hill_mari,tag,GEN,родительный падеж,genitive,Помета обозначает: родительный падеж.,genitive.
hill_mari,tag,ILL,иллатив,illative,Помета обозначает: иллатив.,illative.
hill_mari,tag,ILL2,иллатив,old (unproductive) illative (-kə̑ / -kə̈),Помета обозначает: иллатив.,old (unproductive) illative (-kə̑ / -kə̈).
hill_mari,tag,IN,инессив,inessive,Помета обозначает: инессив.,inessive.
hill_mari,tag,IN2,инессив,old (unprodactive) inessive (-nə̑ / -nə̈),Помета обозначает: инессив.,old (unprodactive) inessive (-nə̑ / -nə̈).
hill_mari,tag,LAT,латив,lative,Помета обозначает: латив.,lative.
hill_mari,tag,LAT2,латив,old (unproductive) lative (-an / -än),Помета обозначает: латив.,old (unproductive) lative (-an / -än).
hill_mari,tag,SIM,одновременность,similative,Помета обозначает: одновременность.,similative.
hill_mari,group,Valency derivation,Изменение валентности,Valency-changing derivation,,
hill_mari,tag,CAUS2,каузатив,causative (-t),Помета обозначает: каузатив.,causative (-t).
hill_mari,tag,CAUS,каузатив,causative (-tar),Помета обозначает: каузатив.,causative (-tar).
hill_mari,tag,CAUS.DIST,"каузатив, искажённая форма",distant causative,"Помета обозначает: каузатив, искажённая форма.",distant causative.
hill_mari,tag,DETR1,детранзитив,detransitivizer (-g),Помета обозначает: детранзитив.,detransitivizer (-g).
hill_mari,tag,DETR2,детранзитив,detransitivizer (-n),Помета обозначает: детранзитив.,detransitivizer (-n).
hill_mari,tag,MED,медиопассив,mediopassive,Помета обозначает: медиопассив.,mediopassive.
hill_mari,group,Denominal derivation,Отыменная деривация,Denominal derivation,,
hill_mari,tag,DENOM,отыменный глагол,denominal verb (-l),Помета обозначает: отыменный глагол.,denominal verb (-l).
hill_mari,tag,DENOM1,отыменный глагол,denominal verb (-ešt),Помета обозначает: отыменный глагол.,denominal verb (-ešt).
hill_mari,tag,INCH,инхоатив,inchoative (-em),Помета обозначает: инхоатив.,inchoative (-em).
hill_mari,tag,INCH2,инхоатив,inchoative (-ang),Помета обозначает: инхоатив.,inchoative (-ang).
hill_mari,tag,MAN,глагол образа действия,manner verb,Помета обозначает: глагол образа действия.,manner verb.
hill_mari,group,Nominal derivation,Именная деривация,Nominal derivation,,
hill_mari,tag,ADV,наречие,adverbializer,Помета обозначает: наречие.,adverbializer.
hill_mari,tag,ATTR,атрибутив,attributivizer,Помета обозначает: атрибутив.,attributivizer.
hill_mari,tag,ATTR.MEAS,"атрибутив, количественный показатель",quantitative attributivizer,"Помета обозначает: атрибутив, количественный показатель.",quantitative attributivizer.
hill_mari,tag,DEST,показатель назначения,destination marker,Помета обозначает: показатель назначения.,destination marker.
hill_mari,tag,FULL,полная форма,full form,Помета обозначает: полная форма.,full form.
hill_mari,tag,PROP,проприетив,proprietive,Помета обозначает: проприетив.,proprietive.
hill_mari,group,Negation,Отрицание,Negation,,
hill_mari,tag,NEG,отрицание,negation,Помета обозначает: отрицание.,negation.
hill_mari,tag,NEG.ATTR,"отрицание, атрибутив",negative attributivizer form,"Помета обозначает: отрицание, атрибутив.",negative attributivizer form.
hill_mari,tag,NEG.CVB,"отрицание, конверб",negative converb,"Помета обозначает: отрицание, конверб.",negative converb.
hill_mari,tag,NEG.PRET,"отрицание, претерит",negative preterite form,"Помета обозначает: отрицание, претерит.",negative preterite form.
hill_mari,tag,NEG.PTCP,"отрицание, причастие",negative participle,"Помета обозначает: отрицание, причастие.",negative participle.
hill_mari,group,Non-finite,Нефинитные формы,Non-finite forms,,
hill_mari,tag,CVB,конверб,converb,Помета обозначает: конверб.,converb.
hill_mari,tag,CVB.ANT,"конверб, предшествование",converb with anteriority semantics,"Помета обозначает: конверб, предшествование.",converb with anteriority semantics.
hill_mari,tag,CVB.LIM,"конверб, ограничительное значение",converb with restrictive sequence semantics,"Помета обозначает: конверб, ограничительное значение.",converb with restrictive sequence semantics.
hill_mari,tag,CVB.SIM,"конверб, одновременность",converb with simultaneity semantics,"Помета обозначает: конверб, одновременность.",converb with simultaneity semantics.
hill_mari,tag,INF,инфинитив,infinitive,Помета обозначает: инфинитив.,infinitive.
hill_mari,tag,NACT,отглагольное имя,deverbal noun,Помета обозначает: отглагольное имя.,deverbal noun.
hill_mari,tag,NAG,имя деятеля,agent noun,Помета обозначает: имя деятеля.,agent noun.
hill_mari,tag,NMLZ,номинализация,nominalization (-mə̑ / -mə̈ / -m),Помета обозначает: номинализация.,nominalization (-mə̑ / -mə̈ / -m).
hill_mari,tag,NMLZ2,номинализация,nominalization (-maš / -mäš),Помета обозначает: номинализация.,nominalization (-maš / -mäš).
hill_mari,tag,NMLZ2.ILL,"номинализация, иллатив",illative form of NMLZ2,"Помета обозначает: номинализация, иллатив.",illative form of NMLZ2.
hill_mari,tag,NMLZ2.IN,"номинализация, инессив",inessive form of NMLZ2,"Помета обозначает: номинализация, инессив.",inessive form of NMLZ2.
hill_mari,tag,PTCP.ACT,"причастие, действительный залог",active participle,"Помета обозначает: причастие, действительный залог.",active participle.
hill_mari,tag,PTCP.PASS,"причастие, страдательный залог",passive participle,"Помета обозначает: причастие, страдательный залог.",passive participle.
hill_mari,tag,PTCP.PASS/NMLZ,"причастие, страдательный залог, номинализация",passive participle/nominalization,"Помета обозначает: причастие, страдательный залог, номинализация.",passive participle/nominalization.
hill_mari,group,Number,Число,Number,,
hill_mari,tag,PL,множественное число,plural,Помета обозначает: множественное число.,plural.
hill_mari,tag,SG,единственное число,singular,Помета обозначает: единственное число.,singular.
hill_mari,group,Numerals,Числительные,Numerals,,
hill_mari,tag,AGGR,агрегатив,aggregative numeral,Помета обозначает: агрегатив.,aggregative numeral.
hill_mari,tag,COLL,собирательность,collective numeral,Помета обозначает: собирательность.,collective numeral.
hill_mari,tag,ORD,порядковое числительное,ordinal numeral,Помета обозначает: порядковое числительное.,ordinal numeral.
hill_mari,group,Mood,Наклонение,Mood,,
hill_mari,tag,DEB,дебитив,debitive,Помета обозначает: дебитив.,debitive.
hill_mari,tag,DES,дезидератив,desiderative,Помета обозначает: дезидератив.,desiderative.
hill_mari,tag,IMP,императив,imperative,Помета обозначает: императив.,imperative.
hill_mari,tag,IMP.2PL,"императив, второе лицо, множественное число",imperative second-person plural,"Помета обозначает: императив, второе лицо, множественное число.",imperative second-person plural.
hill_mari,tag,JUSS,юссив,jussive,Помета обозначает: юссив.,jussive.
hill_mari,tag,JUSS.PL,"юссив, множественное число",jussive plural,"Помета обозначает: юссив, множественное число.",jussive plural.
hill_mari,tag,JUSS.SG,"юссив, единственное число",jussive singular,"Помета обозначает: юссив, единственное число.",jussive singular.
hill_mari,tag,OPT,оптатив,optative,Помета обозначает: оптатив.,optative.
hill_mari,group,Particles,Частицы,Particles,,
hill_mari,tag,ADD,аддитив,additive particle (=at / =ät),Помета обозначает: аддитив.,additive particle (=at / =ät).
hill_mari,tag,ADD2,аддитив,additive marker (-ak / -äk),Помета обозначает: аддитив.,additive marker (-ak / -äk).
hill_mari,tag,CONTR,контрастив,contrastive particle,Помета обозначает: контрастив.,contrastive particle.
hill_mari,tag,EMPH,эмфатическая частица,emphatic particle,Помета обозначает: эмфатическая частица.,emphatic particle.
hill_mari,tag,PTCL,частица,particle,Помета обозначает: частица.,particle.
hill_mari,group,Possessiveness,Посессивность,Possessiveness,,
hill_mari,tag,POSS,посессивность,possessiveness,Помета обозначает: посессивность.,possessiveness.
hill_mari,tag,POSS.1PL,"посессивность, первое лицо, множественное число",first-person plural possessive,"Помета обозначает: посессивность, первое лицо, множественное число.",first-person plural possessive.
hill_mari,tag,POSS.1SG,"посессивность, первое лицо, единственное число",first-person singular possessive,"Помета обозначает: посессивность, первое лицо, единственное число.",first-person singular possessive.
hill_mari,tag,POSS.2PL,"посессивность, второе лицо, множественное число",second-person plural possessive,"Помета обозначает: посессивность, второе лицо, множественное число.",second-person plural possessive.
hill_mari,tag,POSS.2SG,"посессивность, второе лицо, единственное число",second-person singular possessive,"Помета обозначает: посессивность, второе лицо, единственное число.",second-person singular possessive.
hill_mari,tag,POSS.3PL,"посессивность, третье лицо, множественное число",third-person plural possessive,"Помета обозначает: посессивность, третье лицо, множественное число.",third-person plural possessive.
hill_mari,tag,POSS.3SG,"посессивность, третье лицо, единственное число",third-person singular possessive,"Помета обозначает: посессивность, третье лицо, единственное число.",third-person singular possessive.
hill_mari,group,Tense,Время,Tense,,
hill_mari,tag,AOR,аорист,aorist (past I),Помета обозначает: аорист.,aorist (past I).
hill_mari,tag,AOR.3PL,"аорист, третье лицо, множественное число",aorist third-person plural,"Помета обозначает: аорист, третье лицо, множественное число.",aorist third-person plural.
hill_mari,tag,AOR.3SG,"аорист, третье лицо, единственное число",aorist third-person singular,"Помета обозначает: аорист, третье лицо, единственное число.",aorist third-person singular.
hill_mari,tag,NPST.1PL,"непрошедшее время, первое лицо, множественное число",non-past first-person plural,"Помета обозначает: непрошедшее время, первое лицо, множественное число.",non-past first-person plural.
hill_mari,tag,NPST.1SG,"непрошедшее время, первое лицо, единственное число",non-past first-person singular,"Помета обозначает: непрошедшее время, первое лицо, единственное число.",non-past first-person singular.
hill_mari,tag,NPST.2PL,"непрошедшее время, второе лицо, множественное число",non-past second-person plural,"Помета обозначает: непрошедшее время, второе лицо, множественное число.",non-past second-person plural.
hill_mari,tag,NPST.2SG,"непрошедшее время, второе лицо, единственное число",non-past second-person singular,"Помета обозначает: непрошедшее время, второе лицо, единственное число.",non-past second-person singular.
hill_mari,tag,NPST.3PL,"непрошедшее время, третье лицо, множественное число",non-past third-person plural,"Помета обозначает: непрошедшее время, третье лицо, множественное число.",non-past third-person plural.
hill_mari,tag,NPST.3SG,"непрошедшее время, третье лицо, единственное число",non-past third-person singular,"Помета обозначает: непрошедшее время, третье лицо, единственное число.",non-past third-person singular.
hill_mari,tag,NPST,непрошедшее время,non-past,Помета обозначает: непрошедшее время.,non-past.
hill_mari,tag,PRET,претерит,preterite (past II),Помета обозначает: претерит.,preterite (past II).
hill_mari,tag,RETR1,"ретроспективный сдвиг, тип 1",retrospective shift (ə̑l'ə̑),"Помета обозначает: ретроспективный сдвиг, тип 1.",retrospective shift (ə̑l'ə̑).
hill_mari,tag,RETR2,"ретроспективный сдвиг, тип 2",retrospective shift (ə̑lə̑n),"Помета обозначает: ретроспективный сдвиг, тип 2.",retrospective shift (ə̑lə̑n).
hill_mari,group,Other tags,Прочие пометы,Other tags,,
hill_mari,tag,CMPR,сравнительная степень,comparative,Помета обозначает: сравнительная степень.,comparative.
hill_mari,tag,EX,экзистенциальность,existential predicate,Помета обозначает: экзистенциальность.,existential predicate.
hill_mari,tag,INDEF,неопределённость,indefinite pronoun,Помета обозначает: неопределённость.,indefinite pronoun.
hill_mari,tag,KIN,показатель термина родства,special marker for kinship terms,Помета обозначает: показатель термина родства.,special marker for kinship terms.
hill_mari,tag,POL1,"смягчение категоричности перед императивом, тип 1",pre-imperative marker of non-categoricality (=aj / =äj),"Помета обозначает: смягчение категоричности перед императивом, тип 1.",pre-imperative marker of non-categoricality (=aj / =äj).
hill_mari,tag,POL2,"смягчение категоричности перед императивом, тип 2",pre-imperative marker of non-categoricality (-ə̑ma / -ə̈mä / -emä),"Помета обозначает: смягчение категоричности перед императивом, тип 2.",pre-imperative marker of non-categoricality (-ə̑ma / -ə̈mä / -emä).
hill_mari,tag,REFL,рефлексив,reflexive,Помета обозначает: рефлексив.,reflexive.
hill_mari,tag,SINCE,значение «с тех пор»,marker with meaning ‘since then’,Помета обозначает: значение «с тех пор».,marker with meaning ‘since then’.
russian,language,russian,Русский язык,Russian,,
